{
	"info": {
		"_postman_id": "2c3f79cf-3304-4cd8-b104-92a782bf8006",
		"name": "OSWD",
		"schema": "https://schema.getpostman.com/json/collection/v2.0.0/collection.json",
		"_exporter_id": "30823480"
	},
	"item": [
		{
			"name": "USER",
			"item": [
				{
					"name": "New Request",
					"request": {
						"method": "GET",
						"header": []
					},
					"response": []
				}
			]
		},
		{
			"name": "BloodGroup",
			"item": [
				{
					"name": "Create",
					"request": {
						"method": "POST",
						"header": [],
						"body": {
							"mode": "urlencoded",
							"urlencoded": [
								{
									"key": "name",
									"value": "B+",
									"type": "text"
								}
							]
						},
						"url": {
							"raw": "http://localhost:8000/api/bloodgroup/add?name=b+",
							"protocol": "http",
							"host": [
								"localhost"
							],
							"port": "8000",
							"path": [
								"api",
								"bloodgroup",
								"add"
							],
							"query": [
								{
									"key": "name",
									"value": "b+"
								}
							]
						}
					},
					"response": []
				},
				{
					"name": "All",
					"request": {
						"method": "GET",
						"header": [],
						"url": "http://localhost:8000/api/bloodgroup/all"
					},
					"response": []
				},
				{
					"name": "Update",
					"request": {
						"method": "PUT",
						"header": [],
						"body": {
							"mode": "urlencoded",
							"urlencoded": [
								{
									"key": "name",
									"value": "A+",
									"type": "text"
								}
							]
						},
						"url": "http://localhost:8000/api/bloodgroup/update/6569f0ef89666f6e622e8661"
					},
					"response": []
				},
				{
					"name": "Delete",
					"request": {
						"method": "DELETE",
						"header": [],
						"url": "http://localhost:8000/api/bloodgroup/delete/6569f0ef89666f6e622e8661"
					},
					"response": []
				}
			]
		},
		{
			"name": "Category",
			"item": [
				{
					"name": "Add",
					"request": {
						"method": "POST",
						"header": [],
						"body": {
							"mode": "urlencoded",
							"urlencoded": [
								{
									"key": "name",
									"value": "EDUCATION",
									"type": "text"
								}
							]
						},
						"url": "http://localhost:8000/api/category/add"
					},
					"response": []
				},
				{
					"name": "GetAll",
					"request": {
						"method": "GET",
						"header": [],
						"url": "http://localhost:8000/api/category/all"
					},
					"response": []
				},
				{
					"name": "Update",
					"request": {
						"method": "PUT",
						"header": [],
						"body": {
							"mode": "urlencoded",
							"urlencoded": [
								{
									"key": "name",
									"value": "CLOTHS UPDATE",
									"type": "text"
								}
							]
						},
						"url": "http://localhost:8000/api/category/update/656ace6fcf9d576e8b9ad73a"
					},
					"response": []
				},
				{
					"name": "Delete",
					"request": {
						"method": "DELETE",
						"header": [],
						"url": "http://localhost:8000/api/category/delete/"
					},
					"response": []
				},
				{
					"name": "ADDING",
					"request": {
						"method": "GET",
						"header": []
					},
					"response": []
				}
			]
		},
		{
			"name": "Product",
			"item": [
				{
					"name": "Add",
					"request": {
						"method": "POST",
						"header": [],
						"body": {
							"mode": "urlencoded",
							"urlencoded": [
								{
									"key": "categoryID",
									"value": "656ad5a52e52142c4d146f98",
									"type": "text"
								},
								{
									"key": "name",
									"value": "Zudio cloths",
									"type": "text"
								},
								{
									"key": "price",
									"value": "1222",
									"type": "text"
								},
								{
									"key": "quantity",
									"value": "1",
									"type": "text"
								},
								{
									"key": "image",
									"value": "IMG",
									"type": "text"
								}
							]
						},
						"url": "http://localhost:8000/api/product/add"
					},
					"response": []
				},
				{
					"name": "UPDATE",
					"request": {
						"method": "PUT",
						"header": [],
						"body": {
							"mode": "urlencoded",
							"urlencoded": [
								{
									"key": "categoryID",
									"value": "656ad5a52e52142c4d146f98",
									"type": "text"
								},
								{
									"key": "name",
									"value": "FOOD CATEGORY",
									"type": "text"
								},
								{
									"key": "price",
									"value": "1222",
									"type": "text"
								},
								{
									"key": "quantity",
									"value": "1",
									"type": "text"
								},
								{
									"key": "image",
									"value": "IMG",
									"type": "text"
								}
							]
						},
						"url": "http://localhost:8000/api/product/update/"
					},
					"response": []
				},
				{
					"name": "GETALL",
					"request": {
						"method": "GET",
						"header": [],
						"url": "http://localhost:8000/api/product/all"
					},
					"response": []
				},
				{
					"name": "delete",
					"request": {
						"method": "DELETE",
						"header": [],
						"url": "http://localhost:8000/api/product/delete/656adb9fed6c6a7fe7c3a317"
					},
					"response": []
				}
			]
		}
	]
}