<?xml version="1.0" encoding="UTF-8"?>
<students>
  <student>
    <id>1</id>
    <name>0</name>
    <age>20</age>
    <roll_number>101</roll_number>
  </student>
  <student>
    <id>2</id>
    <name>0</name>
    <age>21</age>
    <roll_number>102</roll_number>
  </student>
  <student>
    <id>3</id>
    <name>0</name>
    <age>19</age>
    <roll_number>103</roll_number>
  </student>
  <student>
    <id>4</id>
    <name>abc</name>
    <age>20</age>
    <roll_number>101</roll_number>
  </student>
  <student>
    <id>5</id>
    <name>xyz</name>
    <age>21</age>
    <roll_number>102</roll_number>
  </student>
  <student>
    <id>6</id>
    <name>cdi</name>
    <age>19</age>
    <roll_number>103</roll_number>
  </student>
</students>
